,,,,,,,,,,,,,,,,,,,,,,,,,,,,,,,,,,,,,,,,,,,,,,,,,,,,,,,,,,,,,,,,,,,,,,,,,,,,,,,,,,,,,
,,,,,,2025 SOUTH COTABATO CONVERGENCE PROFILE,,,,,,,,,,,,,,,,,,,,,,,,,,,,,,,,,,,,,,,,,,,,,,,,,,,,,,,,,,,,,,,,,,,,,,,,,,,,,,,
NO.,CODING,,BARANGAY,SITIO,COORDINATES,,POPULATION,,,AGE GROUP,,,"No. of 
Households",SOCIAL REGISTRATION / BENEFITS,,,ECONOMIC CONDITION,,,,,,AGRICULTURE,,,,,,,,POTABLE WATER SOURCE,,,,,,,SANITATION & SOLID WASTE MANAGEMENT,,,,,,LIVESTOCK & POULTRY,,,,,,,FOOD SECURITY AND NUTRITION,,,,HOUSING,,,,,,,,,,DOMESTICATED ANIMALS,,,,COMMUNITY EMPOWERMENT,,,,,,,,,,,,,UTILITIES,,,
,,MUNICIPALITY,,,,,MALE,FEMALE,TOTAL,0-14,15-64,65-above,,"Registered 
Voters","No. of Philhealth 
Beneficiaries","No. of 4Ps 
Beneficiaries",TOP 3 COMMON EMPLOYMENT,,,"Top 3 AVERAGE HH 
Income per day",,,No. of Farmers,"Farmers Association / 
Organization Established","Estimated Farm 
Area (by Hectares",TOP 5 Crops / Produced,,,,,"No. of Existing 
Water Systems",Most Common Source of Drinking Water,,,,,,"No. of HHs without 
Toilet Facility",Types of existing Toilet Facility,,,,"Practice of 
waste segration",No. of Livestock/poultry,,,,,,,"No. of HH with 
Backyard Garden","Most Common 
Garden Commodities",,,Types of House Quality,,,,,Types of Ownership,,,,,"No. of Domesticated 
Animals",,"No. of Dogs 
Vaccinated","No. of Cats 
Vaccinated","No. of Existing 
Sectoral Organization",Most Common Method of Information Dissemination,,,,,,,"Most Common way of Transportation in the 
Sitio/Purok",,,,,"No. of HHs 
with Electricity",Alternative Source of Electricity,,
,,,,,LATITUDE,LONGITUDE,,,,,,,,,,,1st,2nd,3rd,1st,2nd,3rd,,,,1,2,3,4,5,,1. Water Source,Condition/Status,2. Water Source,Condition/ Status,3. Water Source,Condition,,Open Pit,Closed Pit,"Overhang/
Drop Type",Water Sealed,,Pig,Cow,Kalabaw,Horse,Goat,Chicken,Ducks,,Vegetables,Root Crops,Fruits,Concrete,Wood,Half-Conc,Makeshift,Others,Owned,Rented,Prot Land,InforSettl,OwnrConsnt,Dogs,Cats,,,,Radio,Signages,PersinAuth,Assembly,Newspaper,TV,Int/SocMed,Bike,Motor,Tricycle,4Wheels,Boat,,Generator,Solar,Battery
1,1-1,BANGA,LIWANAY,PROPER LAMPACO,,,224,188,412,188,224,22,92,208,,16,VENDOR/FARMING,TRICYCLE DRIVER,LABORER,Below - P100,P101 - P300,P301 - P500,,0,56,RICE,COCONUT,CORN,PINEAPPLE,FRUIT TREES,None,DEEP WELL,,,,,,12,,,,✔️,Yes,✔️,✔️,✔️,,✔️,✔️,✔️,70,✔️,,,✔️,✔️,✔️,,,✔️,,,✔️,,56,35,40,35,3,,,✔️,✔️,,,,✔️,✔️,✔️,,,77,,,
2,1-2,BANGA,LIWANAY,BAGONG TUKLAS,,,208,206,414,151,248,15,82,215,73,18,VENDOR,LABORER,TRICYCLE DRIVER,Below - P100,P101 - P300,P301 - P500,None,0,None,,,,,,None,,,,,,,15,,,,✔️,Yes,✔️,,,,,✔️,✔️,10,✔️,,,✔️,✔️,✔️,✔️,,✔️,,,✔️,,40,20,30,20,2,,,✔️,✔️,,,,✔️,✔️,✔️,,,67,,,
3,1-3,BANGA,RANG-AY,SITIO LAMBALAS,"6°24'4.94""N","124°49'56.79""E",123,165,288,65,213,10,56,160,40,25,FARMING,LABORER,,P101 - P300,P301 - P500,,20,1,40,CORN,COCONUT,BANANA,COFFEE,KAMOTE,1,SPRING,NEEDS REPAIR,,,,,42,✔️,,,✔️,Yes,,,✔️,✔️,✔️,✔️,,30,✔️,✔️,✔️,,✔️,✔️,,✔️,✔️,,,,,,,,,1,✔️,,✔️,✔️,,✔️,✔️,✔️,✔️,✔️,✔️,,28,,,
4,1-4,BANGA,EL NONOK,SITIO LITTLE BAGUIO,,,323,354,677,92,560,25,123,312,66,66,FARMING,PUBLIC EMPLOYEE,LABORER,P101 - P300,P301 - P500,,100,0,30,CORN,BANANA,COCONUT,FRUIT TREES,,1,SPRING,NEEDS REPAIR,,,,,50,,,,✔️,,✔️,✔️,✔️,,,✔️,,100,✔️,✔️,✔️,✔️,✔️,✔️,,✔️,✔️,,,,✔️,,,,,2,✔️,,✔️,✔️,✔️,✔️,✔️,✔️,✔️,✔️,✔️,,113,,,
5,1-5,BANGA,YANGCO,PUROK RIVERSIDE,,,199,165,364,123,233,22,87,325,24,24,VENDOR (ice cream),LABORER,,P101 - P300,P301 - P500,,None,0,None,,,,,,1,GROUND WATER,GOOD,,,,,0,,,,✔️,Yes,✔️,,,,,✔️,✔️,0,,,,,,✔️,,✔️,✔️,,,,,,,,,1,✔️,✔️,✔️,✔️,✔️,✔️,✔️,✔️,✔️,✔️,✔️,,87,,,
6,1-6,BANGA,RIZAL POB.,BAGONG LIPUNAN,,,315,403,718,,,67,164,480,,21,LABORER,TEACHER,GOV'T EMPLOYEE,P101 - P300,,,,0,,,,,,,1,WELL,,PITCHER PUMP,,WATER SYSTEM,,0,✔️,✔️,,,No,✔️,✔️,,✔️,✔️,✔️,,120,✔️,✔️,✔️,✔️,✔️,✔️,,,✔️,✔️,,✔️,,150,100,120,,3,✔️,✔️,✔️,✔️,,✔️,✔️,✔️,✔️,✔️,✔️,,160,,,
7,1-7,BANGA,MALAYA,"PRK. MALIGAYA 
SITIO LAMKOT","6°29'42.14""N","124°45'33.35""E",482,452,934,,,,300,500,150,100,FARMING,LABORER,,P101 - P300,P301 - P500,,,1,80,CORN,RICE,BANANA,MONGGO,IPIL-IPIL (OLING),1,WATER SYSTEM  ,,SPRING,NEEDS REPAIR,,,30,✔️,,✔️,✔️,Yes,✔️,✔️,✔️,✔️,✔️,✔️,✔️,150,✔️,✔️,,,✔️,✔️,,✔️,✔️,,,✔️,✔️,,,,,2,✔️,,✔️,✔️,,✔️,✔️,✔️,✔️,,✔️,,150,,,
8,1-8,BANGA,KUSAN,MALIPAYON,,,600,900,1500,500,800,200,725,819,1300,80,LABORER,FARMING,DRIVING,P101 - P300,P301 - P500,P501 - P700,,1,85,RICE,CORN,CASSAVA,COCONUT,,1,WATER SYSTEM,GOOD,,,,,0,,,,✔️,,✔️,✔️,✔️,✔️,✔️,✔️,✔️,725,✔️,,,,✔️,✔️,,,✔️,,,,,800,500,800,500,3,✔️,,✔️,✔️,,✔️,✔️,✔️,✔️,✔️,✔️,,725,,,✔️
9,1-9,BANGA,SAN VICENTE,LIBAS,,,192,171,363,116,208,39,110,159,74,30,FARMING,VENDOR,LABORER,Below - P100,P301 - P500,P501 - P700,56,1,34,CORN,COCONUT,BANANA,RICE,VEGETABLE,1,SPRING,,WATER SYSTEM,NEEDS REPAIR,,,26,,✔️,,✔️,yes,✔️,✔️,✔️,✔️,✔️,✔️,✔️,13,✔️,✔️,,✔️,✔️,✔️,✔️,,✔️,,,✔️,✔️,88,23,53,0,2,✔️,,,✔️,,✔️,✔️,,✔️,✔️,✔️,,84,,✔️,✔️
10,1-10,BANGA,REYES,MAASIM,,,140,200,340,100,200,40,89,122,80,6,LABORER,FARMING,,P101 - P300,P301 - P500,P501 - P700,30,0,20,CASSAVA,CORN,BANANA,RICE,,2,SPRING,,WATER SYSTEM,NEEDS REPAIR,,,0,,✔️,,,yes,✔️,✔️,,,,✔️,✔️,89,✔️,,,✔️,✔️,✔️,,,✔️,,,✔️,,100,80,100,80,1,✔️,,✔️,✔️,,✔️,✔️,,✔️,✔️,,,89,,,✔️
11,1-11,BANGA,CINCO,PAG-ASA,"6°21'50.64""N","124°46'31.30""E",128,230,358,123,199,36,262,311,158,26,FARMING,LABORER,,Below - P100,P101 - P300,P301 - P500,295,0,63,CORN,RICE,COCONUT,WATERMELON,,1,SPRING,NEEDS REPAIR,,,,,0,,,,✔️,,✔️,✔️,✔️,,✔️,✔️,✔️,262,✔️,,,✔️,✔️,✔️,,,✔️,,,,,142,83,142,83,2,✔️,,✔️,,,✔️,✔️,✔️,✔️,✔️,,,218,,,
12,1-12,BANGA,CABULING,SAMPAGUITA,,,430,335,765,300,300,165,165,185,50,20,FARMING,LABORER,,Below - P100,P101 - P300,P301 - P500,100,0,25,CAMOTE,BANANA,FRUITS,RICE/CORN,COCONUT,0,other purok,,,,,,0,✔️,✔️,,✔️,,✔️,✔️,✔️,,✔️,✔️,✔️,35,✔️,,,✔️,✔️,✔️,,,✔️,✔️,,,,50,20,50,20,3,,,✔️,✔️,,✔️,,✔️,✔️,,,,165,,,
13,1-13,BANGA,SAN JOSE,MAGSAYSAY,,,182,246,428,200,201,27,128,,52,32,FARMING,LABORER,,Below - P100,P101 - P300,P301 - P500,182,0,80,RICE,CORN,COCONUT,CASSAVA,BANANA,1,WATER SYSTEM,GOOD,,,,,0,,✔️,,✔️,,✔️,✔️,✔️,,✔️,✔️,✔️,128,✔️,,,✔️,,✔️,,,✔️,,,,✔️,218,158,218,158,1,,,✔️,✔️,,,✔️,✔️,✔️,✔️,✔️,,125,,,✔️
14,1-14,BANGA,LAMBA,LAMPUKO,"  6°22'5.69""N","124°50'9.84""E",345,180,525,186,316,23,114,,32,23,FARMING,LABORER,,Below - P100,P101 - P300,P301 - P500,342,0,28,CORN,BANANA,RICE,COCONUT,,1,SPRING,NEEDS REPAIR,,,,,20,✔️,✔️,,,Yes,✔️,✔️,✔️,✔️,✔️,✔️,✔️,30,✔️,,,,✔️,✔️,,,✔️,,,,,32,5,32,5,1,,,✔️,✔️,,,,✔️,✔️,,,,0,,,
15,1-15,BANGA,BENITEZ,MALINONG,,,500,700,1200,230,940,30,145,472,120,31,LABORER,FARMING,,Below - P100,P101 - P300,P301 - P500,800,1,45,RICE,CORN,CASSAVA,,,1,WATER SYSTEM,,SPRING,NEEDS REPAIR,,,0,,,,✔️,yes,✔️,✔️,✔️,,✔️,✔️,✔️,145,✔️,,,✔️,,,✔️,,✔️,,,✔️,,400,200,400,200,4,✔️,✔️,✔️,✔️,,✔️,✔️,✔️,✔️,✔️,✔️,,145,,,✔️
16,1-16,BANGA,CABUDIAN,MASINURUNDON,,,405,645,1050,250,738,62,158,458,625,85,LABORER,FARMING,,Below - P100,P101 - P300,P301 - P500,350,1,78,RICE,COCONUT,VEGETABLE,CASSAVA,,1,PITCHER PUMP,,,,,,0,,✔️,,✔️,Yes,✔️,✔️,✔️,,✔️,✔️,✔️,158,✔️,,,✔️,,✔️,,,✔️,,,,,316,215,316,215,4,✔️,,✔️,✔️,,,✔️,✔️,✔️,✔️,,,158,,,✔️
17,1-17,BANGA,RIZAL 3,PAEZ,,,120,250,370,98,200,72,215,200,198,28,LABORER,FARMING,,Below - P100,P101 - P300,P301 - P500,80,1,80,RICE,CORN,CASSAVA,COCONUT,,1,PITCHER PUMP,,,,,,215,✔️,,,✔️,Yes,✔️,✔️,✔️,,✔️,✔️,✔️,215,✔️,,,✔️,✔️,✔️,,,✔️,,,✔️,,250,150,250,150,4,✔️,,✔️,✔️,✔️,✔️,✔️,✔️,✔️,✔️,✔️,,,,,✔️
18,1-18,BANGA,PUNONG GRANDE,MUSLIM,,,312,313,625,158,400,67,161,328,420,329,LABORER,FARMING,CARPENTRY,Below - P100,P101 - P300,P301 - P500,208,None,12,CORN,BANANA,RICE,CASSAVA,,1,SPRING,NEEDS REPAIR,,,,,156,,✔️,,,No,,✔️,✔️,,✔️,✔️,✔️,,,,,✔️,✔️,✔️,,,✔️,,,,,,20,,,3,,,✔️,✔️,,✔️,✔️,✔️,✔️,✔️,✔️,,153,,,
19,1-19,BANGA,LAM-APOS,LAMBUSONG,"6°20'51.36""N","124°52'41.41""E",,,0,,,,54,260,37,37,FARMING,LABOURER,,Below - P100,,,0,1,20-30,CORN,COCONUT,BANANA,RICE,ROOT CROPS,,WELL,NEEDS REPAIR,,,,,22,✔️,,,✔️,,,✔️,✔️,✔️,✔️,✔️,✔️,50,✔️,✔️,✔️,,✔️,✔️,,,✔️,,,,,,,,,1,✔️,,,,,,,✔️,✔️,,,,0,,✔️,
20,1-20,BANGA,EL NONOK,PARAISO,"6°26'4.13""N","124°48'30.98""E",174,147,321,115,173,33,95,186,136,12,FARMING,GOV'T EMPLOYEE,PRIVATE EMPLOYEE,P101 - P300,P301 - P500,P501 - P700,40-60,None,50-60,CORN,CASSAVA,BANANA,COCONUT,ROOT CROPS (SINGKAMAS),1,SPRING,NEEDS REPAIR,,,,,10,,,,✔️,no,,✔️,✔️,✔️,✔️,✔️,✔️,10,✔️,,,✔️,✔️,✔️,,,✔️,,,,✔️,90-100,50-60,80,,,✔️,✔️,✔️,✔️,,✔️,✔️,✔️,✔️,✔️,✔️,,95,,✔️,
21,1-21,BANGA,IMPROGO,MAHIGUGMAON,"6°25'29.61""N","124°46'50.68""E",425,389,814,216,563,35,186,254,152,9,FARMING,GOV'T EMPLOYEE,PRIVATE EMPLOYEE,P301 - P500,P501 - P700,P701 - P900,9,1,,CORN,RICE,COCONUT,BANANA,,1,GROUND WATER,,,,,,3,,,,✔️,,,✔️,✔️,,✔️,✔️,✔️,3,✔️,,✔️,✔️,✔️,✔️,,,✔️,✔️,,,✔️,31,20,38,,2,✔️,✔️,✔️,✔️,,✔️,✔️,✔️,✔️,✔️,✔️,,184,,,
22,2-1,KORONADAL,,,,,,,0,,,,,,,,,,,,,,,,,,,,,,,,,,,,,,,,,,,,,,,,,,,,,,,,,,,,,,,,,,,,,,,,,,,,,,,,,,,,
23,2-2,KORONADAL,,,,,,,0,,,,,,,,,,,,,,,,,,,,,,,,,,,,,,,,,,,,,,,,,,,,,,,,,,,,,,,,,,,,,,,,,,,,,,,,,,,,
24,2-3,KORONADAL,,,,,,,0,,,,,,,,,,,,,,,,,,,,,,,,,,,,,,,,,,,,,,,,,,,,,,,,,,,,,,,,,,,,,,,,,,,,,,,,,,,,
25,2-4,KORONADAL,,,,,,,0,,,,,,,,,,,,,,,,,,,,,,,,,,,,,,,,,,,,,,,,,,,,,,,,,,,,,,,,,,,,,,,,,,,,,,,,,,,,
26,2-5,KORONADAL,,,,,,,0,,,,,,,,,,,,,,,,,,,,,,,,,,,,,,,,,,,,,,,,,,,,,,,,,,,,,,,,,,,,,,,,,,,,,,,,,,,,
27,2-6,KORONADAL,,,,,,,0,,,,,,,,,,,,,,,,,,,,,,,,,,,,,,,,,,,,,,,,,,,,,,,,,,,,,,,,,,,,,,,,,,,,,,,,,,,,
28,2-7,KORONADAL,,,,,,,0,,,,,,,,,,,,,,,,,,,,,,,,,,,,,,,,,,,,,,,,,,,,,,,,,,,,,,,,,,,,,,,,,,,,,,,,,,,,
29,2-8,KORONADAL,,,,,,,0,,,,,,,,,,,,,,,,,,,,,,,,,,,,,,,,,,,,,,,,,,,,,,,,,,,,,,,,,,,,,,,,,,,,,,,,,,,,
30,2-9,KORONADAL,,,,,,,0,,,,,,,,,,,,,,,,,,,,,,,,,,,,,,,,,,,,,,,,,,,,,,,,,,,,,,,,,,,,,,,,,,,,,,,,,,,,
31,2-10,KORONADAL,,,,,,,0,,,,,,,,,,,,,,,,,,,,,,,,,,,,,,,,,,,,,,,,,,,,,,,,,,,,,,,,,,,,,,,,,,,,,,,,,,,,
32,2-11,KORONADAL,,,,,,,0,,,,,,,,,,,,,,,,,,,,,,,,,,,,,,,,,,,,,,,,,,,,,,,,,,,,,,,,,,,,,,,,,,,,,,,,,,,,
33,2-12,KORONADAL,,,,,,,0,,,,,,,,,,,,,,,,,,,,,,,,,,,,,,,,,,,,,,,,,,,,,,,,,,,,,,,,,,,,,,,,,,,,,,,,,,,,
34,2-13,KORONADAL,,,,,,,0,,,,,,,,,,,,,,,,,,,,,,,,,,,,,,,,,,,,,,,,,,,,,,,,,,,,,,,,,,,,,,,,,,,,,,,,,,,,
35,2-14,KORONADAL,,,,,,,0,,,,,,,,,,,,,,,,,,,,,,,,,,,,,,,,,,,,,,,,,,,,,,,,,,,,,,,,,,,,,,,,,,,,,,,,,,,,
36,3-1,LAKE SEBU,BACDULONG,SBU-UDI,,,160,120,280,93,167,20,70,95,70,11,FISHERY,FARMING,,BELOW - 100,,,20,,4,CORN,,,,,0,WATER SYSTEM,STATUS: NEEDS REPAIR,,,,,49,✔️,,,,YES,,,,,,✔️,,0,,,,,✔️,,,,✔️,,,,,35,20,0,0,1,,,,✔️,,,,,,,,✔️,0,,,
37,3-2,LAKE SEBU,,,,,,,,,,,,,,,,,,,,,,,,,,,,,,,,,,,,,,,,,,,,,,,,,,,,,,,,,,,,,,,,,,,,,,,,,,,,,,,,,,,
38,3-3,LAKE SEBU,TASIMAN,TABLISONG,,,120,118,238,122,114,2,51,84,18,18,FARMING,LABORER,,BELOW - 100,,,40,0,50,CORN,,,,,0,SPRING,STATUS: NON-FUNCTIONAL,,,,,30,✔️,,,,NO,,,,✔️,,✔️,,15,✔️,✔️,,,✔️,,,,✔️,,,,,10,5,0,0,1,✔️,,,,,,,,✔️,,,,0,,,
39,3-4,LAKE SEBU,LUHIB,LOWER EL-LUMET,,,226,188,414,130,260,24,104,143,43,30,FARMING,LABORER,,BELOW - 100,P101 - P300,P301 - P500,141,0,87,CORN,PALAY,BANANA,,,3,SPRING (with water tank),NEEDS REPAIR,,,,,0,✔️,,,,,✔️,✔️,✔️,✔️,✔️,✔️,✔️,50,✔️,✔️,,✔️,✔️,✔️,✔️,,✔️,,,,,43,23,,,2,✔️,,,✔️,,✔️,✔️,,✔️,,,,0,,✔️,
40,3-5,LAKE SEBU,,,,,,,,,,,,,,,,,,,,,,,,,,,,,,,,,,,,,,,,,,,,,,,,,,,,,,,,,,,,,,,,,,,,,,,,,,,,,,,,,,,
41,3-6,LAKE SEBU,LUHIB,MOTOLAO,,,126,162,288,80,192,16,118,185,16,16,FARMING,LABORER,SKYLAB DRIVER,BELOW - 100,P101 - P300,,110,0,35,CORN,BANANA,,,,1,WATER SYSTEM (tank),ON-GOING CONSTRUCTION,,,,,,✔️,,,,,✔️,✔️,✔️,✔️,✔️,✔️,✔️,68,✔️,✔️,,,✔️,,,,✔️,,,,,20,16,10,8,2,✔️,,✔️,✔️,,✔️,,,✔️,,,,22,,✔️,
42,3-7,LAKE SEBU,LAKE LAHIT,TAKENFUNG,"  6°14'47.76""N","124°42'18.03""E",156,144,300,115,171,14,72,142,36,46,FARMING,LABORER,,BELOW - 100,,,132,0,100,CORN,BANANA,ROOT CROPS,FRUITS,,1,WATER SYSTEM (Tank),GOOD,,,,,72,✔️,✔️,✔️,✔️,YES,✔️,✔️,✔️,✔️,✔️,✔️,✔️,44,✔️,✔️,,,✔️,✔️,,,✔️,✔️,,,,13,15,,10,2,✔️,,,✔️,,✔️,✔️,,✔️,,,,52,,,
43,3-8,LAKE SEBU,LOWER MACULAN,SELOHON,,,203,207,410,180,213,17,97,125,,5,FARMING,FARM LABORER,SELF-EMPLOYED,,P101 - P300,,50,1,197,CORN,RICE,VEGETABLES,BANANA,PINEAPPLE,1,SPRING,NEEDS REPAIR,,,,,97,✔️,✔️,,✔️,,✔️,✔️,✔️,✔️,✔️,✔️,✔️,50,✔️,,✔️,✔️,✔️,✔️,,,✔️,,,,,98,50,25,5,1,✔️,✔️,✔️,,,✔️,✔️,✔️,✔️,✔️,✔️,,38,,✔️,
44,3-9,LAKE SEBU,HALILAN,MUTULOB,"  6°13'14.12""N","124°45'26.65""E",130,118,248,82,149,17,66,82,49,,FARMING,LABORER,,BELOW - P100,P101 - P300,P301 - P500,30,1,,CORN,RICE,COCONUT,ROOT CROPS,,0,SPRING,,RAIN WATER,,,,,✔️,,,,,✔️,✔️,✔️,✔️,✔️,✔️,✔️,,✔️,✔️,✔️,,✔️,,✔️,,✔️,,,,,15,10,0,0,1,,,✔️,✔️,,,,,✔️,,✔️,,9,,✔️,
45,3-10,LAKE SEBU,,,,,,,0,,,,,,,,,,,,,,,,,,,,,,,,,,,,,,,,,,,,,,,,,,,,,,,,,,,,,,,,,,,,,,,,,,,,,,,,,,,,
46,3-11,LAKE SEBU,DENLAG,TALAYTAY,,,83,53,136,80,83,8,62,,,52,FARMING,LABORER,,P101 - P300,,,,,,,,,,,,SPRING,,,,,,20,✔️,,,,YES,✔️,✔️,✔️,✔️,✔️,✔️,✔️,15,,,,,✔️,,,,,✔️,,,,30,20,,,,✔️,,,,,,,,✔️,,,,0,,✔️,
47,3-12,LAKE SEBU,,,,,,,0,,,,,,,,,,,,,,,,,,,,,,,,,,,,,,,,,,,,,,,,,,,,,,,,,,,,,,,,,,,,,,,,,,,,,,,,,,,,
48,3-13,LAKE SEBU,,,,,,,0,,,,,,,,,,,,,,,,,,,,,,,,,,,,,,,,,,,,,,,,,,,,,,,,,,,,,,,,,,,,,,,,,,,,,,,,,,,,
49,3-14,LAKE SEBU,LAMFUGON,LAMBADAK,"  6°19'13.73""N","124°37'16.80""E",132,152,284,136,142,12,64,138,24,24,FARMING,LABORER,DRIVING,,P277,,,0,,CORN,RICE,BANANA,CASSAVA,SWEET POTATO AND VEGETABLES,0,WELL,,,,,,10,✔️,,,,YES,✔️,0,✔️,✔️,0,✔️,✔️,277,EGGPLANT AND BEANS,RICE AND CORN,BANANA,,✔️,,,,✔️,,,,,30,35,0,0,0,✔️,,,✔️,,,,,✔️,,,,0,,✔️,
50,3-15,LAKE SEBU,UPPER MACULAN,LEMBUKON,"  6°15'9.47""N","124°45'15.44""E",,,138,,,,43,100 PLUS,41,30,FARMING,FARM LABORER,,BELOW - P100,,,82,0,500,CORN,SAGING,COCONUT,RICE,,0,SPRING,UNDEVELOPED,DEEP WELL,UNDEVELOPED,,,31,✔️,,,,NO,✔️,✔️,✔️,✔️,0,✔️,✔️,SOME,✔️,✔️,,,✔️,,✔️,,,,,,✔️,15,3,NONE,NONE,NONE,✔️,,✔️,,,,✔️,,✔️,,✔️,,NONE,,✔️,✔️
51,3-16,LAKE SEBU,,,,,,,0,,,,,,,,,,,,,,,,,,,,,,,,,,,,,,,,,,,,,,,,,,,,,,,,,,,,,,,,,,,,,,,,,,,,,,,,,,,,
52,3-17,LAKE SEBU,,,,,,,0,,,,,,,,,,,,,,,,,,,,,,,,,,,,,,,,,,,,,,,,,,,,,,,,,,,,,,,,,,,,,,,,,,,,,,,,,,,,
53,3-18,LAKE SEBU,,,,,,,0,,,,,,,,,,,,,,,,,,,,,,,,,,,,,,,,,,,,,,,,,,,,,,,,,,,,,,,,,,,,,,,,,,,,,,,,,,,,
54,3-19,LAKE SEBU,NED,TASADAY/LAMDEL,,,85,56,141,67,63,12,43,,12,MCCT-12,FARMING,HUNTING,FISHING/LABORER,BELOW - P100,,,0,1,100,ABACA,CORN,PEANUT,COFFEE,PALAY,1,SPRING,,RIVER,,RAINWATER,,29,,,,✔️,,✔️,,,✔️,✔️,✔️,✔️,2,✔️,,,,✔️,,,,✔️,,,,,14,3,NONE,NONE,1,✔️,,,✔️,,,,,✔️,,,,30,,✔️,
55,3-20,LAKE SEBU,,,,,,,0,,,,,,,,,,,,,,,,,,,,,,,,,,,,,,,,,,,,,,,,,,,,,,,,,,,,,,,,,,,,,,,,,,,,,,,,,,,,
56,3-21,LAKE SEBU,,,,,,,0,,,,,,,,,,,,,,,,,,,,,,,,,,,,,,,,,,,,,,,,,,,,,,,,,,,,,,,,,,,,,,,,,,,,,,,,,,,,
57,3-22,LAKE SEBU,LOWER MACULAN,QUIRINO,,,48,44,92,28,57,7,29,50,26,4,FARMING,LABOURER,,,P101 - P300,P301 - P500,,,,RICE,CORN,PINEAPPLE,CASSAVA,VEGETABLE,1,SPRING,NEEDS REPAIR,,,,,6,,,,✔️,YES,✔️,✔️,✔️,,✔️,✔️,✔️,22,✔️,✔️,✔️,✔️,✔️,✔️,,✔️,✔️,✔️,,,✔️,50,,50,,,✔️,,,✔️,,,,,✔️,✔️,,,,,✔️,✔️
58,3-23,LAKE SEBU,LAMFUGON,KOLONBONG,,,230,150,380,220,120,40,63,,8,25,FARMING,,,,P101 - P300,P301 - P500,115,NONE,,CORN,RICE,BANANA,CAMOTE,CASSAVA,NONE,WELL,,,,,,6,✔️,,,✔️,,✔️,✔️,✔️,✔️,✔️,✔️,✔️,35,✔️,✔️,✔️,,✔️,,,,✔️,,,,,20,10,0,0,,✔️,,,✔️,,,,,✔️,,✔️,,0,✔️,✔️,✔️
59,3-24,LAKE SEBU,,,,,,,0,,,,,,,,,,,,,,,,,,,,,,,,,,,,,,,,,,,,,,,,,,,,,,,,,,,,,,,,,,,,,,,,,,,,,,,,,,,,
60,3-25,LAKE SEBU,,,,,,,0,,,,,,,,,,,,,,,,,,,,,,,,,,,,,,,,,,,,,,,,,,,,,,,,,,,,,,,,,,,,,,,,,,,,,,,,,,,,
61,3-26,LAKE SEBU,,,,,,,0,,,,,,,,,,,,,,,,,,,,,,,,,,,,,,,,,,,,,,,,,,,,,,,,,,,,,,,,,,,,,,,,,,,,,,,,,,,,
62,3-27,LAKE SEBU,,,,,,,0,,,,,,,,,,,,,,,,,,,,,,,,,,,,,,,,,,,,,,,,,,,,,,,,,,,,,,,,,,,,,,,,,,,,,,,,,,,,
63,3-28,LAKE SEBU,,,,,,,0,,,,,,,,,,,,,,,,,,,,,,,,,,,,,,,,,,,,,,,,,,,,,,,,,,,,,,,,,,,,,,,,,,,,,,,,,,,,
64,3-29,LAKE SEBU,NED,KABATANG,"  6°16'40.90""N","124°29'44.16""E",,,,,,,34,70,3,3,FARMING,,,,,,0,0,74,CORN,RICE,,,,,NONE,,,,,,0,,,,,,✔️,0,✔️,✔️,✔️,✔️,0,16,✔️,✔️,✔️,0,,✔️,,,,,✔️,,✔️,20,5,NONE,NONE,NONE,✔️,,,,,,,,✔️,,✔️,,NONE,,,
65,3-30,LAKE SEBU,,,,,,,0,,,,,,,,,,,,,,,,,,,,,,,,,,,,,,,,,,,,,,,,,,,,,,,,,,,,,,,,,,,,,,,,,,,,,,,,,,,,
66,3-31,LAKE SEBU,,,,,,,0,,,,,,,,,,,,,,,,,,,,,,,,,,,,,,,,,,,,,,,,,,,,,,,,,,,,,,,,,,,,,,,,,,,,,,,,,,,,
67,3-32,LAKE SEBU,,,,,,,0,,,,,,,,,,,,,,,,,,,,,,,,,,,,,,,,,,,,,,,,,,,,,,,,,,,,,,,,,,,,,,,,,,,,,,,,,,,,
68,3-33,LAKE SEBU,,,,,,,0,,,,,,,,,,,,,,,,,,,,,,,,,,,,,,,,,,,,,,,,,,,,,,,,,,,,,,,,,,,,,,,,,,,,,,,,,,,,
69,3-34,LAKE SEBU,,,,,,,0,,,,,,,,,,,,,,,,,,,,,,,,,,,,,,,,,,,,,,,,,,,,,,,,,,,,,,,,,,,,,,,,,,,,,,,,,,,,
70,3-35,LAKE SEBU,,,,,,,0,,,,,,,,,,,,,,,,,,,,,,,,,,,,,,,,,,,,,,,,,,,,,,,,,,,,,,,,,,,,,,,,,,,,,,,,,,,,
71,3-36,LAKE SEBU,,,,,,,0,,,,,,,,,,,,,,,,,,,,,,,,,,,,,,,,,,,,,,,,,,,,,,,,,,,,,,,,,,,,,,,,,,,,,,,,,,,,
72,3-37,LAKE SEBU,,,,,,,0,,,,,,,,,,,,,,,,,,,,,,,,,,,,,,,,,,,,,,,,,,,,,,,,,,,,,,,,,,,,,,,,,,,,,,,,,,,,
73,3-38,LAKE SEBU,,,,,,,0,,,,,,,,,,,,,,,,,,,,,,,,,,,,,,,,,,,,,,,,,,,,,,,,,,,,,,,,,,,,,,,,,,,,,,,,,,,,
74,3-39,LAKE SEBU,,,,,,,0,,,,,,,,,,,,,,,,,,,,,,,,,,,,,,,,,,,,,,,,,,,,,,,,,,,,,,,,,,,,,,,,,,,,,,,,,,,,
75,3-40,LAKE SEBU,,,,,,,0,,,,,,,,,,,,,,,,,,,,,,,,,,,,,,,,,,,,,,,,,,,,,,,,,,,,,,,,,,,,,,,,,,,,,,,,,,,,
76,3-41,LAKE SEBU,,,,,,,0,,,,,,,,,,,,,,,,,,,,,,,,,,,,,,,,,,,,,,,,,,,,,,,,,,,,,,,,,,,,,,,,,,,,,,,,,,,,
77,3-42,LAKE SEBU,,,,,,,0,,,,,,,,,,,,,,,,,,,,,,,,,,,,,,,,,,,,,,,,,,,,,,,,,,,,,,,,,,,,,,,,,,,,,,,,,,,,
78,3-43,LAKE SEBU,,,,,,,0,,,,,,,,,,,,,,,,,,,,,,,,,,,,,,,,,,,,,,,,,,,,,,,,,,,,,,,,,,,,,,,,,,,,,,,,,,,,
79,3-44,LAKE SEBU,LAMCADE,ELTON,"6.202916""N","124.759883""E",86,76,162,55,103,8,39,103,60,12,FARMING,LABORER,,P101 - P300,,,39,NONE,2 - 4,CORN,COCONUT,RUBBER,ABACA,RICE,1,SPRING,GOOD,,,,,6,,✔️,,,NO,✔️,✔️,✔️,✔️,,✔️,✔️,24,✔️,✔️,,,✔️,✔️,,,✔️,,,,,16,20,0,0,1,✔️,,,,,,✔️,,✔️,,,,0,✔️,✔️,
80,4-1,NORALA,SAN MIGUEL,TUBURAN,"  6°30'52.88""N","124°44'34.66""E",190,219,409,163,,15,96,200,60,45,FARMING,LABORER,,BELOW - P100,P101 - P300,P301 - P500,190,1,380,FISH,CORN,COCONUT,BANANA,ROOT CROPS,2,SPRING,NEEDS REPAIR,SPRING,NEEDS REPAIR,,,0,✔️,,,,NO,✔️,✔️,✔️,✔️,✔️,✔️,✔️,96,✔️,✔️,✔️,0,✔️,,✔️,,✔️,✔️,,,✔️,20,15,0,1,2,✔️,,✔️,✔️,,✔️,,,✔️,,,,15,,,✔️
81,4-2,NORALA,,,,,,,0,,,,,,,,,,,,,,,,,,,,,,,,,,,,,,,,,,,,,,,,,,,,,,,,,,,,,,,,,,,,,,,,,,,,,,,,,,,,
82,4-3,NORALA,LOPEZ JAENA,OSMEÑA,,,263,225,488,142,292,54,105,280,95,28,FARMING,LABORER,GOV'T EMPLOYEE,P101 - P300,P301 - P500,P501 - P700,,1,90,RICE,CORN,VEGETABLES,,,1,DEEP WELL,,,,,,13,,,,✔️,NO,✔️,✔️,✔️,,✔️,✔️,✔️,100,✔️,✔️,✔️,✔️,✔️,✔️,,✔️,✔️,,,✔️,,80,20,80,0,1,✔️,✔️,,,,✔️,,,✔️,✔️,,,104,,,
83,4-4,NORALA,PUTI,EL KUDA,"  6°32'17.29""N","124°43'15.47""E",231,188,419,221,108,91,120,200,4,42,GOV'T EMPLOYEE,FARMING,LABORER,P101 - P300,P301 - P500,,,,80,CORN,RICE,FRUITS,,,1,SPRING,,,,,,40,✔️,,,✔️,,✔️,✔️,✔️,✔️,✔️,✔️,✔️,50,✔️,✔️,✔️,✔️,✔️,✔️,,,✔️,,,,,20,15,4,0,2,✔️,,,✔️,,✔️,,✔️,✔️,,,,62,,,
84,4-5,NORALA,PUTI,LAMBUSONG,,,187,174,361,140,220,3,100,184,62,53,FARMING,LABORER,,P101 - P300,P301 - P500,,,,130,PALM OIL,RICE,CORN,VEGETABLES,ROOT CROPS,1,SPRING,NEEDS REPAIR,,,,,,✔️,,,✔️,,✔️,✔️,,✔️,✔️,✔️,,30,✔️,✔️,✔️,✔️,,✔️,✔️,,,,,,,14,4,3,0,1,✔️,,,,,✔️,,,✔️,,,,44,,✔️,✔️
85,4-6,NORALA,LAPUZ,STO.ROSARIO,,,145,149,294,87,185,22,59,179,64,13,FARMING,DRIVER,GOV'T EMPLOYEE,BELOW - P100,P101 - P300,P301 - P500,170,1,80,RICE,COCONUT,CORN,VEGETABLES,ROOT CROPS,2,PITCHER WATER PUMP,,JETMATIC PUMP,,,,5,,,✔️,✔️,NO,✔️,✔️,✔️,,✔️,✔️,✔️,30,✔️,✔️,✔️,✔️,,✔️,✔️,,✔️,✔️,,,✔️,86,30,70,0,4,✔️,✔️,✔️,✔️,,✔️,✔️,✔️,✔️,✔️,✔️,,58,,,✔️
86,4-7,NORALA,,,,,,,0,,,,,,,,,,,,,,,,,,,,,,,,,,,,,,,,,,,,,,,,,,,,,,,,,,,,,,,,,,,,,,,,,,,,,,,,,,,,
87,4-8,NORALA,DUMAGUIL,LIBERTAD,,,,,0,53,60,20,74,147,44,11,FARMING,LABORER,,BELOW - P100,,,,,,RICE,PALM OIL,COCONUT,CORN,,,SPRING,,,,,,,,✔️,,✔️,,✔️,✔️,✔️,,✔️,✔️,✔️,65,,✔️,✔️,,✔️,✔️,✔️,,✔️,,,,,,,20,,,,,,,,,,✔️,✔️,,✔️,,36,,,
88,4-9,NORALA,,,,,,,0,,,,,,,,,,,,,,,,,,,,,,,,,,,,,,,,,,,,,,,,,,,,,,,,,,,,,,,,,,,,,,,,,,,,,,,,,,,,
89,4-10,NORALA,TINAGO,KASILI/TANTONG,"  6°35'13.05""N","124°41'53.09""E",100,73,173,14,28,30,47,164,3,3,FARMING,LABORER,CHARCOAL MAKER,BELOW- P100,P101 - P300,P301 - P500,20,0,105,COCONUT,BANANA,SIBUYAS DAHON,CORN,PALM OIL,1,SPRING,NEEDS REPAIR,,,,,40,✔️,✔️,✔️,✔️,YES,,,✔️,✔️,✔️,✔️,✔️,10,✔️,,,,✔️,✔️,,30,✔️,,,✔️,✔️,10,5,0,0,3,,,✔️,✔️,,,,,✔️,,,,0,,✔️,✔️
90,4-11,NORALA,,,,,,,0,,,,,,,,,,,,,,,,,,,,,,,,,,,,,,,,,,,,,,,,,,,,,,,,,,,,,,,,,,,,,,,,,,,,,,,,,,,,
91,5-1,POLOMOLOK,,,,,,,0,,,,,,,,,,,,,,,,,,,,,,,,,,,,,,,,,,,,,,,,,,,,,,,,,,,,,,,,,,,,,,,,,,,,,,,,,,,,
92,5-2,POLOMOLOK,KORONADAL PROPER,PUROK 7,,,192,179,371,102,234,28,109,115,88,24,FARMING,LABORER,,BELOW- P100,P101 - P300,P301 - P500,20,0,95,CORN,BANANA,PINEAPPLE,,,0,SPRING,,RIVER,,,,38,✔️,,,,NO,✔️,✔️,✔️,✔️,✔️,✔️,✔️,65,✔️,✔️,✔️,✔️,✔️,✔️,,,✔️,,,,✔️,70,50,45,,1,✔️,✔️,✔️,✔️,,✔️,✔️,✔️,✔️,✔️,,,30,,,✔️
93,5-3,POLOMOLOK,LAPU,PUROK 2,"  6°13'55.36""N","125° 0'54.76""E",216,301,517,200,303,14,109,317,109,30,GOV'T EMPLOYEE,FARMING,LABORER,BELOW - P100,P101 - P300,P301 - P500,88,1,60,RICE,CORN,VEGETABLE,COCONUT,PAPAYA,0,SPRING,,RIVER,,,,50,,✔️,,,NO,,✔️,✔️,✔️,✔️,✔️,✔️,80,✔️,,,✔️,✔️,✔️,,,✔️,,,,✔️,23,31,0,0,1,✔️,,✔️,,,✔️,✔️,✔️,✔️,✔️,✔️,,67,,,✔️
94,5-4,POLOMOLOK,,,,,,,0,,,,,,,,,,,,,,,,,,,,,,,,,,,,,,,,,,,,,,,,,,,,,,,,,,,,,,,,,,,,,,,,,,,,,,,,,,,,
95,5-5,POLOMOLOK,SUMBAKIL,PUROK 7,"  6°15'12.74""N","124°58'22.82""E",144,139,283,83,192,8,53,202,203,24,FARMING,LABORER,VENDOR,BELOW - P100,P101 - P300,P301 - P500,201,0,93,CORN,VEGETABLE,COCONUT,RICE,BANANA,0,SPRING,,RIVER,,,,24,,✔️,,,NO,,✔️,✔️,✔️,✔️,✔️,✔️,11,✔️,,,,✔️,✔️,,,✔️,,,,,9,13,0,0,1,✔️,,✔️,,,✔️,✔️,,✔️,✔️,,,106,,,✔️
96,5-6,POLOMOLOK,,,,,,,0,,,,,,,,,,,,,,,,,,,,,,,,,,,,,,,,,,,,,,,,,,,,,,,,,,,,,,,,,,,,,,,,,,,,,,,,,,,,
97,5-7,POLOMOLOK,MAGSAYSAY,MALNOG,,,202,172,374,146,172,10,101,125,71,19,FARMING,LABORER,,,,,,,124,CORN,BANANA,VEGETABLE,COCONUT,,,WELL,,,,,,15,,,,✔️,YES,,✔️,1,✔️,✔️,✔️,✔️,90,,,,✔️,✔️,✔️,,✔️,✔️,,,,,15,10,5,,,✔️,,✔️,✔️,,✔️,,✔️,✔️,✔️,✔️,,16,,,
98,5-8,POLOMOLOK,,,,,,,0,,,,,,,,,,,,,,,,,,,,,,,,,,,,,,,,,,,,,,,,,,,,,,,,,,,,,,,,,,,,,,,,,,,,,,,,,,,,
99,5-9,POLOMOLOK,,,,,,,0,,,,,,,,,,,,,,,,,,,,,,,,,,,,,,,,,,,,,,,,,,,,,,,,,,,,,,,,,,,,,,,,,,,,,,,,,,,,
100,5-10,POLOMOLOK,,,,,,,0,,,,,,,,,,,,,,,,,,,,,,,,,,,,,,,,,,,,,,,,,,,,,,,,,,,,,,,,,,,,,,,,,,,,,,,,,,,,
101,5-11,POLOMOLOK,MALIGO,TIÑEFULAN,,,191,154,345,131,206,8,82,166,128,60,GOV'T EMPLOYEE,FARMERS,LABORER,P101 - P300,P301 - P500,P501 - P700,56,1,120,CORN,VEGETABLE,FRUITS,,,1,SPRING,GOOD,,,,,,,,,✔️,YES,✔️,✔️,✔️,✔️,✔️,✔️,✔️,50,VEGETABLES,CROPS,FRUITS,✔️,✔️,✔️,,,✔️,,MMPL,,,50,15,0,0,3,✔️,✔️,✔️,✔️,,✔️,✔️,,✔️,✔️,✔️,,79,,✔️,
102,5-12,POLOMOLOK,,,,,,,0,,,,,,,,,,,,,,,,,,,,,,,,,,,,,,,,,,,,,,,,,,,,,,,,,,,,,,,,,,,,,,,,,,,,,,,,,,,,
103,5-13,POLOMOLOK,,,,,,,0,,,,,,,,,,,,,,,,,,,,,,,,,,,,,,,,,,,,,,,,,,,,,,,,,,,,,,,,,,,,,,,,,,,,,,,,,,,,
104,5-14,POLOMOLOK,,,,,,,0,,,,,,,,,,,,,,,,,,,,,,,,,,,,,,,,,,,,,,,,,,,,,,,,,,,,,,,,,,,,,,,,,,,,,,,,,,,,
105,5-15,POLOMOLOK,MALIGO,LAMCUAH,,,206,200,406,155,238,13,91,246,93,18,FARMING,GOV'T EMPLOYEE,LABOURER,P101 - P300,P301 - P500,,,,,CORN,PINEAPPLE,,,,1,SPRING,NEEDS REPAIR,,,,,0,,✔️,,,YES,,✔️,✔️,✔️,,✔️,✔️,,VEGETABLES,ROOT CROPS,,✔️,✔️,✔️,,,Ancestral Domain,,,,,70,10,1,0,0,✔️,,,,,✔️,✔️,✔️,✔️,0,✔️,,,,✔️,
106,5-16,POLOMOLOK,,,,,,,0,,,,,,,,,,,,,,,,,,,,,,,,,,,,,,,,,,,,,,,,,,,,,,,,,,,,,,,,,,,,,,,,,,,,,,,,,,,,
107,5-17,POLOMOLOK,,,,,,,0,,,,,,,,,,,,,,,,,,,,,,,,,,,,,,,,,,,,,,,,,,,,,,,,,,,,,,,,,,,,,,,,,,,,,,,,,,,,
108,5-18,POLOMOLOK,,,,,,,0,,,,,,,,,,,,,,,,,,,,,,,,,,,,,,,,,,,,,,,,,,,,,,,,,,,,,,,,,,,,,,,,,,,,,,,,,,,,
109,5-19,POLOMOLOK,,,,,,,0,,,,,,,,,,,,,,,,,,,,,,,,,,,,,,,,,,,,,,,,,,,,,,,,,,,,,,,,,,,,,,,,,,,,,,,,,,,,
110,5-20,POLOMOLOK,,,,,,,0,,,,,,,,,,,,,,,,,,,,,,,,,,,,,,,,,,,,,,,,,,,,,,,,,,,,,,,,,,,,,,,,,,,,,,,,,,,,
111,5-21,POLOMOLOK,KINILIS,PUROK 5,,,108,106,214,71,124,9,48,133,25,,LABORER,FARMING,DECARE WORKER,P301-P500,,,48,,,CORN,VEGETABLES,FRUITS,,,,SPRING,,,,,,23,✔️,,,✔️,,✔️,✔️,✔️,✔️,✔️,✔️,✔️,,✔️,,,✔️,✔️,✔️,✔️,,✔️,,,,,15,8,,,,✔️,,,✔️,,✔️,✔️,✔️,✔️,,✔️,,48,,,
112,5-22,POLOMOLOK,,,,,,,0,,,,,,,,,,,,,,,,,,,,,,,,,,,,,,,,,,,,,,,,,,,,,,,,,,,,,,,,,,,,,,,,,,,,,,,,,,,,
113,5-23,POLOMOLOK,,,,,,,0,,,,,,,,,,,,,,,,,,,,,,,,,,,,,,,,,,,,,,,,,,,,,,,,,,,,,,,,,,,,,,,,,,,,,,,,,,,,
114,5-24,POLOMOLOK,,,,,,,0,,,,,,,,,,,,,,,,,,,,,,,,,,,,,,,,,,,,,,,,,,,,,,,,,,,,,,,,,,,,,,,,,,,,,,,,,,,,
115,5-25,POLOMOLOK,,,,,,,0,,,,,,,,,,,,,,,,,,,,,,,,,,,,,,,,,,,,,,,,,,,,,,,,,,,,,,,,,,,,,,,,,,,,,,,,,,,,
116,5-26,POLOMOLOK,,,,,,,0,,,,,,,,,,,,,,,,,,,,,,,,,,,,,,,,,,,,,,,,,,,,,,,,,,,,,,,,,,,,,,,,,,,,,,,,,,,,
117,5-27,POLOMOLOK,,,,,,,0,,,,,,,,,,,,,,,,,,,,,,,,,,,,,,,,,,,,,,,,,,,,,,,,,,,,,,,,,,,,,,,,,,,,,,,,,,,,
118,5-28,POLOMOLOK,,,,,,,0,,,,,,,,,,,,,,,,,,,,,,,,,,,,,,,,,,,,,,,,,,,,,,,,,,,,,,,,,,,,,,,,,,,,,,,,,,,,
119,5-29,POLOMOLOK,POLO,PUROK 2,,,339,679,1018,175,452,50,179,,190,,FARMING,GOV'T EMPLOYEE,LABOURER,P101 - P300,P301 - P500,P501 - P700,20,,20,PINEAPPLE,CORN,VEGETABLES,FRUITS,COCONUT,1,WATER DISTRICT,GOOD,,,,,175,,,,✔️,YES,✔️,✔️,,,✔️,✔️,✔️,80,VEGETABLES,FRUITS,,✔️,✔️,✔️,,,✔️,✔️,,,,✔️,✔️,0,0,5,✔️,✔️,✔️,✔️,,,✔️,,✔️,✔️,✔️,,179,,,
120,5-30,POLOMOLOK,,,,,,,0,,,,,,,,,,,,,,,,,,,,,,,,,,,,,,,,,,,,,,,,,,,,,,,,,,,,,,,,,,,,,,,,,,,,,,,,,,,,
121,5-31,POLOMOLOK,CROSSING PALKAN,PUROK 5,,,158,156,314,75,225,4,89,225,304,3,FARMING,LABOURER,GOV'T EMPLOYEE,BELOW - P100,P101 - P300,P301 - P500,7,NONE,223.5,CORN,COPRA,FRUITS,,,8,JETMATIC AND RESERVOIR,,DEEP WELL,GOOD,WATER SYSTEM (Mira Farm),GOOD,NONE,,,,✔️,YES,✔️,✔️,✔️,✔️,✔️,✔️,✔️,30,VEGETABLES,ROOT CROPS,FRUITS,✔️,✔️,✔️,,,✔️,,,,✔️,20,15,20,15,2,,✔️,✔️,✔️,,,✔️,✔️,✔️,✔️,✔️,,87,,✔️,✔️
122,5-32,POLOMOLOK,,,,,,,0,,,,,,,,,,,,,,,,,,,,,,,,,,,,,,,,,,,,,,,,,,,,,,,,,,,,,,,,,,,,,,,,,,,,,,,,,,,,
123,5-33,POLOMOLOK,CROSSING PALKAN,PUROK 6,,,124,124,248,25,228,5,59,,66,6,LABOURER,FARMERS,EMPLOYEE,BELOW - P100,P301 - P500,P501 - P700,14,,,COCONUT,CORN,PAPAYA,VEGETABLES,PINEAPPLE,1,WATER SYSTEM,,,,,,0,,✔️,,,,✔️,0,0,✔️,✔️,✔️,✔️,,,,,✔️,✔️,✔️,,,,,,,,25,15,0,0,3,✔️,,,✔️,✔️,✔️,✔️,,✔️,✔️,✔️,,55,,,✔️
124,5-34,POLOMOLOK,LUMAKIL,MASIPAG,,,170,190,360,,,13,105,408,106,21,,,,,,,,,,,,,,,1,UNDERGROUND,,,,,,80,,✔️,,,,,,,,,,,30,,,,,,,,,,,,,,10,0,,,,,,,,,,,,,,,,80,,,
125,5-35,POLOMOLOK,,,,,,,0,,,,,,,,,,,,,,,,,,,,,,,,,,,,,,,,,,,,,,,,,,,,,,,,,,,,,,,,,,,,,,,,,,,,,,,,,,,,
126,5-36,POLOMOLOK,,,,,,,0,,,,,,,,,,,,,,,,,,,,,,,,,,,,,,,,,,,,,,,,,,,,,,,,,,,,,,,,,,,,,,,,,,,,,,,,,,,,
127,5-37,POLOMOLOK,,,,,,,0,,,,,,,,,,,,,,,,,,,,,,,,,,,,,,,,,,,,,,,,,,,,,,,,,,,,,,,,,,,,,,,,,,,,,,,,,,,,
128,5-38,POLOMOLOK,,,,,,,0,,,,,,,,,,,,,,,,,,,,,,,,,,,,,,,,,,,,,,,,,,,,,,,,,,,,,,,,,,,,,,,,,,,,,,,,,,,,
129,5-39,POLOMOLOK,,,,,,,0,,,,,,,,,,,,,,,,,,,,,,,,,,,,,,,,,,,,,,,,,,,,,,,,,,,,,,,,,,,,,,,,,,,,,,,,,,,,
130,5-40,POLOMOLOK,,,,,,,0,,,,,,,,,,,,,,,,,,,,,,,,,,,,,,,,,,,,,,,,,,,,,,,,,,,,,,,,,,,,,,,,,,,,,,,,,,,,
131,5-41,POLOMOLOK,BENTUNG,MATLONG,,,135,113,248,91,109,48,81,170,107,31,CORN FARMING,DOLE LABORER,GOV'T EMPLOYEE,P101 - P300,,,,,,CORN,VEGETABLE,,,,,,,,,,,20,,,,,,,✔️,✔️,,✔️,✔️,✔️,,VEGETABLE,FRUITS,,,✔️,✔️,,,✔️,,,,,✔️,✔️,0,0,4,✔️,✔️,✔️,✔️,✔️,✔️,,✔️,✔️,✔️,✔️,,81,,✔️,
132,5-42,POLOMOLOK,,,,,,,0,,,,,,,,,,,,,,,,,,,,,,,,,,,,,,,,,,,,,,,,,,,,,,,,,,,,,,,,,,,,,,,,,,,,,,,,,,,,
133,5-43,POLOMOLOK,MALIGO,MIRANDA,,,143,109,252,73,161,18,72,,35,10,FARMING,,,P301 - P500,,,72,2,200,SAYOTE,CORN,ATSAL & KAMATIS,POTATO,COFFEE,,RAIN WATER,,SPRING,,,,0,,✔️,,,,✔️,✔️,✔️,✔️,✔️,✔️,✔️,,VEGETABLES,"ROOT 
CROPS",,✔️,✔️,✔️,✔️,✔️,,✔️,✔️,,✔️,100,80,0,0,,✔️,,,,,✔️,✔️,,✔️,,✔️,,50,,✔️,✔️
134,5-44,POLOMOLOK,,,,,,,0,,,,,,,,,,,,,,,,,,,,,,,,,,,,,,,,,,,,,,,,,,,,,,,,,,,,,,,,,,,,,,,,,,,,,,,,,,,,
135,5-45,POLOMOLOK,"KORONADAL 
PROPER for validation",4B,,,176,145,321,61,78,1,36,67,15,3,FARMING,"SIDELINE / 
OPERATOR 
NG BAO-BAO","KARGADOR/
HELPER",P101 - P300,,,,,2 HECTARES,PALAY,MAIS,,,,1,PUROK 4B,NEED FUNCTION,,,,,28,,,,✔️,YES,,✔️,✔️,,✔️,✔️,✔️,3,✔️,,,✔️,✔️,✔️,✔️,✔️,✔️,,,,,0,3,0,0,,,✔️,✔️,✔️,,,✔️,✔️,✔️,✔️,,,5,,✔️,
136,6-1,STO. NIÑO,PANAY,PRK RIZAL 1,,,348,232,580,113,370,157,171,340,120,38,LABORER,VENDOR,FARMING,P301 - P500,,,171,2,118,RICE,CORN,CASSAVA,,,,"WATER REFILLING 
STA.",,,,,,22,✔️,✔️,,✔️,YES,✔️,✔️,✔️,✔️,✔️,✔️,✔️,171,✔️,✔️,✔️,✔️,✔️,✔️,,✔️,✔️,✔️,✔️,✔️,✔️,✔️,✔️,✔️,✔️,5,✔️,✔️,✔️,✔️,,✔️,✔️,✔️,✔️,✔️,✔️,,100,✔️,✔️,✔️
137,6-2,STO. NIÑO,AMBALGAN,LOVERS,,,801,768,1569,466,997,106,294,394,147,67,FARMING,LABORER (FARM),LABORER (CONST),BELOW - P100,P101 - P300,P301 - P500,25,0,35,RICE,CORN,CASSAVA,COCONUT,,10,WATER SYSTEM BRGY.,NEEDS REPAIR,,,,,,,✔️,,✔️,YES,,✔️,✔️,,✔️,✔️,✔️,50,✔️,✔️,,✔️,✔️,✔️,✔️,,✔️,✔️,,✔️,✔️,✔️,✔️,✔️,✔️,2,✔️,✔️,✔️,✔️,,✔️,✔️,✔️,✔️,✔️,✔️,,,✔️,,
138,6-3,STO. NIÑO,,,,,,,0,,,,,,,,,,,,,,,,,,,,,,,,,,,,,,,,,,,,,,,,,,,,,,,,,,,,,,,,,,,,,,,,,,,,,,,,,,,,
139,6-4,STO. NIÑO,TERESITA,MODA,,,123,116,239,50,179,10,46,300,10,28,FARMING,LABORER,BUSINESSMAN,BELOW - P100,P101 - P300,,10,NONE,20,RICE,CORN,CASSAVA,,,NONE,,,,,,,3,,,,✔️,YES,✔️,✔️,✔️,✔️,✔️,✔️,✔️,10,✔️,✔️,✔️,✔️,✔️,✔️,✔️,,✔️,✔️,,,,✔️,✔️,✔️,✔️,3,✔️,✔️,✔️,✔️,✔️,✔️,✔️,✔️,✔️,✔️,✔️,,41,✔️,✔️,✔️
140,6-5,STO. NIÑO,,,,,,,0,,,,,,,,,,,,,,,,,,,,,,,,,,,,,,,,,,,,,,,,,,,,,,,,,,,,,,,,,,,,,,,,,,,,,,,,,,,,
141,6-6,STO. NIÑO,M. ROXAS,HILLSIDE,,,143,117,260,60,176,22,68,130,68,27,LABORER,FARMING,GOV'T EMPLOYEE,P101-P300,P301-P500,P501-P700,49,1,30.3,RICE,CORN,COCONUT,,,,DEEP WELL,NON-FUNCTIONAL,,,,,17,✔️,✔️,,✔️,NO,✔️,✔️,✔️,✔️,✔️,✔️,✔️,11,✔️,✔️,✔️,✔️,,✔️,✔️,✔️,✔️,✔️,,,,✔️,✔️,✔️,✔️,4,✔️,,,✔️,,✔️,,✔️,✔️,✔️,✔️,✔️,36,,✔️,✔️
142,6-7,STO. NIÑO,,,,,,,0,,,,,,,,,,,,,,,,,,,,,,,,,,,,,,,,,,,,,,,,,,,,,,,,,,,,,,,,,,,,,,,,,,,,,,,,,,,,
143,6-8,STO. NIÑO,,,,,,,0,,,,,,,,,,,,,,,,,,,,,,,,,,,,,,,,,,,,,,,,,,,,,,,,,,,,,,,,,,,,,,,,,,,,,,,,,,,,
144,6-9,STO. NIÑO,,,,,,,0,,,,,,,,,,,,,,,,,,,,,,,,,,,,,,,,,,,,,,,,,,,,,,,,,,,,,,,,,,,,,,,,,,,,,,,,,,,,
145,6-10,STO. NIÑO,,,,,,,0,,,,,,,,,,,,,,,,,,,,,,,,,,,,,,,,,,,,,,,,,,,,,,,,,,,,,,,,,,,,,,,,,,,,,,,,,,,,
146,6-11,STO. NIÑO,SAN VICENTE,MALIPAYON,"  6°28'36.28""N","124°38'37.00""E",247,227,474,120,318,31,117,210,200,19,FARMING,"GOV'T 
EMPLOYEE",LABORER,,,,50,none,,RICE,CORN,VEGETABLES,COCONUT,PEANUT,NONE,,,,,,,2,✔️,,,✔️,,✔️,✔️,✔️,✔️,✔️,✔️,✔️,90,✔️,✔️,✔️,✔️,✔️,✔️,✔️,✔️,✔️,✔️,,,✔️,✔️,✔️,✔️,✔️,2,✔️,,,,,✔️,✔️,✔️,✔️,✔️,✔️,,107,✔️,,
147,7-1,SURALLAH,CANAHAY,BATNAWAN,,,150,136,286,86,185,15,59,139,,38,FARMING,LABORER,DRIVER,P101 - P300,P301 - P500,P501 - P700,,,80,CORN,RICE,COCONUT,ABACA,BANANA,NONE,SPRING ,NON-FUNCTIONAL,,,,,7,,,,✔️,NO,,✔️,✔️,✔️,✔️,✔️,✔️,10,✔️,✔️,✔️,,✔️,✔️,,✔️,✔️,,,,,✔️,✔️,✔️,,3,✔️,,,,,✔️,,,✔️,,✔️,,38,,,
148,7-2,SURALLAH,,,,,,,,,,,,,,,,,,,,,,,,,,,,,,,,,,,,,,,,,,,,,,,,,,,,,,,,,,,,,,,,,,,,,,,,,,,,,,,,,,,
149,7-3,SURALLAH,COLONGULO,TIPAS,"  6°18'32.22""N","124°41'54.57""E",79,78,157,55,92,10,30,70,9,9,,,,,,,,,,,,,,,NONE,SPRING,NEEDS REPAIR,,,,,20,,✔️,,,,✔️,✔️,✔️,✔️,✔️,✔️,✔️,18,✔️,✔️,✔️,,✔️,,,,,,,,✔️,✔️,5,,,,✔️,,,✔️,,,,,✔️,,,,,,✔️,
150,7-4,SURALLAH,,,,,,,0,,,,,,,,,,,,,,,,,,,,,,,,,,,,,,,,,,,,,,,,,,,,,,,,,,,,,,,,,,,,,,,,,,,,,,,,,,,,
151,7-5,SURALLAH,,,,,,,0,,,,,,,,,,,,,,,,,,,,,,,,,,,,,,,,,,,,,,,,,,,,,,,,,,,,,,,,,,,,,,,,,,,,,,,,,,,,
152,7-6,SURALLAH,DUENGAS,PUROK 2,,,105,84,189,59,119,11,48,93,25,15,FARMING,LABORER,,,P101 - P300,P301 - P500,,,,RICE,CORN ,CASSAVA,BANANA,VEGETABLES,NONE,SPRING,,WELL,,JETMATIC PUMP,,9,,,,✔️,YES,✔️,✔️,✔️,✔️,✔️,✔️,✔️,48,✔️,✔️,✔️,✔️,✔️,✔️,,,✔️,✔️,✔️,,,61,21,50,0,0,✔️,✔️,✔️,✔️,,✔️,✔️,✔️,✔️,✔️,,,22,,✔️,
153,7-7,SURALLAH,TALAHIK,LAMAHA,,,241,183,424,141,263,20,85,190,,41,GOV'T EMPLOYEE,FARMING,LABORER,BELOW-P101 ,P101 - P300,P301 - P500,85,1,156,CORN,RICE,COCONUT,BANANA,BAMBOO,1,WATER SYSTEM,NEEDS REPAIR,SPRING,,WELL AND WATER RAIN,,19,,✔️,,,NO,✔️,✔️,✔️,✔️,✔️,✔️,✔️,70,✔️,✔️,,,✔️,✔️,✔️,,✔️,,,,,125,35,63,,1,✔️,,✔️,✔️,,✔️,✔️,,✔️,,✔️,,0,✔️,,
154,7-8,SURALLAH,LITTLE BAGUIO,LAM-AFUS,,,126,91,217,67,136,14,50,130,30,25,FARMING,LABOR,CHARCOAL  MAKER,BELOW-P101 ,P101 - P300,P301 - P500,150,,130,CORN,RICE,BANANA,CASSAVA,GABI/PALAWAN,NONE,SPRING,NEEDS REPAIR,WELL,NEEDS REPAIR,RAIN WATER/RIVER,,20,✔️,,,✔️,NO,✔️,✔️,✔️,✔️,✔️,✔️,✔️,15,✔️,✔️,✔️,✔️,,,✔️,,✔️,,,✔️,✔️,15,7,,,,✔️,,✔️,✔️,,,,,,,,,,,✔️,✔️
155,7-9,SURALLAH,,,,,,,0,,,,,,,,,,,,,,,,,,,,,,,,,,,,,,,,,,,,,,,,,,,,,,,,,,,,,,,,,,,,,,,,,,,,,,,,,,,,
156,7-10,SURALLAH,UPPER SEPAKA,MALONES,,,104,76,180,87,87,6,46,87,21,24,FARMING,,,,P101 - P300,,32,1,1300,CORN,RICE,BANANA,COCONUT,,NONE,SPRING,,,,,,,,,,,,✔️,,,✔️,,✔️,,20,✔️,✔️,✔️,,,,,,,,,,,15,5,,,,,,,✔️,,,,,✔️,,,,0,,,✔️
157,7-11,SURALLAH,CANAHAY,LAMBU-OY,"6.203248""N","124.754413""E",54,36,90,41,45,5,20,46,,9,FARMING,LABORER,,P101 - P300,,,20,none,50,CORN,BANANA,COCONUT,ABACA,ROOTCROPS,1,SPRING,NEEDS CONSTRUCTION,,,,,19,,✔️,✔️,,,✔️,✔️,✔️,✔️,✔️,✔️,,2,✔️,✔️,,,✔️,,,,✔️,,,,,15,,7,,1,✔️,,,,,,,,✔️,,,,0,,✔️,
158,8-1,TAMPAKAN,SAN ISIDRO,SAN FRANCISCO,,,130,110,240,77,159,4,53,95,,12,LABORER,FARMING,,BELOW-100,P101 - P300,P301 - P500,15,0,,CORN,BANANA,COCONUT,,,2,,,,,,,14,,,,✔️,YES,✔️,✔️,,✔️,,✔️,✔️,,✔️,✔️,✔️,✔️,✔️,✔️,,,✔️,,,,,12,3,10,0,3,✔️,,✔️,✔️,,✔️,✔️,,✔️,✔️,✔️,,51,,,
159,8-2,TAMPAKAN,KIPALBIG,QUEZON,,,284,369,653,,,63,160,,135,32,,,,,,,,,,,,,,,,BRGY. WATER SYSTEM,,,,,,160,✔️,,,✔️,YES,,,,,,,,135,✔️,,,✔️,✔️,✔️,,,✔️,,,,,,,,,,✔️,,,,,,✔️,,✔️,✔️,✔️,,148,,✔️,
160,8-3,TAMPAKAN,STA. CRUZ,ROXAS,,,122,177,299,71,145,23,51,,33,13,LABORER,FARMING,FISHERY,P101 - P300,P301 - P500,,8,1,7,COCONUT,CORN,CASSAVA,BANANA,,0,WELL,,,,,,4,,,,✔️,,✔️,✔️,✔️,,✔️,✔️,✔️,40,✔️,,✔️,✔️,✔️,✔️,✔️,,✔️,,,✔️,,20,9,10,0,2,✔️,,✔️,✔️,✔️,✔️,✔️,✔️,✔️,✔️,,,51,,,
161,8-4,TAMPAKAN,MALTANA,PUROK 6,,,108,98,206,22,79,22,128,119,23,18,FARMING,LABORER,CARPENTRY,BELOW-100,P101 - P300,,,,,CORN,PAPAYA,CASSAVA,BANANA,COCONUT,1,BRGY. WATER SYSTEM,,,,,,40,,✔️,,,,✔️,✔️,,✔️,✔️,✔️,✔️,50,✔️,,✔️,,✔️,,,,✔️,,,,,30,10,30,0,1,✔️,,,,,✔️,✔️,✔️,✔️,✔️,,,40,,,
162,8-5,TAMPAKAN,DANLAG,SANTOL,,,84,82,166,56,116,10,57,88,49,15,FARMING,LABORER,CARPENTRY,BELOW-100,P101 - P300,P301 - P500,,1,,CORN,BANANA,VEGETABLES,COCONUT,FRUITS,2,BRGY. WATER SYSTEM,NEEDS REPAIR,,,,,54,,,,✔️,,✔️,,,✔️,,✔️,✔️,57,✔️,,,,✔️,,,,✔️,,,,,70,15,55,30,0,✔️,,,,,✔️,,,✔️,,,,49,,,✔️
163,8-6,TAMPAKAN,PULA BATO,LITTLE MIASONG,,,86,51,137,36,97,4,36,70,21,3,FARMING,LABORER,BRGY. WORKER,BELOW-100,P101 - P300,P301 - P500,36,1,105 (9497),CORN,BANANA,COCONUT,ROOT CROPS,FRUITS,1,SITIO WATER SYSTEM,GOOD,,,,,20,,,,✔️,,✔️,✔️,,✔️,✔️,✔️,✔️,36,✔️,,,,✔️,,,,✔️,,,,,30,10,0,0,2,✔️,,,,,✔️,,,✔️,,,,21,,,✔️
164,8-7,TAMPAKAN,BUTO,GUMAMELA,,,73,72,145,46,85,14,41,69,,7,LABORER,FARMING,,P101 - P300,P301 - P500,,6,1,,CORN,COCONUT,BANANA,CASSAVA,,1,BRGY. WATER SYSTEM,,SPRING,,,,38,,,,✔️,YES,✔️,✔️,✔️,✔️,✔️,✔️,✔️,18,✔️,✔️,✔️,✔️,,✔️,✔️,,✔️,✔️,,,,42,12,0,0,3,✔️,,✔️,✔️,,,,,✔️,✔️,,,38,,,✔️
165,8-8,TAMPAKAN,LAMPITAK,BAMPOY,,,35,33,68,29,37,2,15,,10,6,LABORER,FARMING,,P101 - P300,,,,,,CORN,BANANA,VEGETABLES,,,0,,,,,,,1,,,,✔️,NO,✔️,,,✔️,✔️,✔️,✔️,5,✔️,,,,,,✔️,,✔️,,,,,5,0,0,0,0,,,,✔️,,,,,✔️,✔️,,,,,,
166,8-9,TAMPAKAN,PALO 19,BONGLAWAAN,,,64,74,138,28,77,11,37,56,7,8,FARMING,LABORER,CARPENTRY,BELOW-P100,P101 - P300,P301 - P500,,1,115,CORN,BANANA,COCONUT,RUBBER,CACAO,1,SITIO WATER SYSTEM,NEEDS REPAIR,,,,,33,,,,✔️,YES,✔️,✔️,,✔️,✔️,✔️,✔️,37,,✔️,,,,✔️,,,✔️,,,,,25,10,20,0,3,✔️,,,,,✔️,,,✔️,,,,25,,,✔️
167,8-10,TAMPAKAN,LAMBAYONG,LAMNIBONG/TUBURAN,,,133,200,333,138,201,15,108,156,108,56,FARMING,LABORER,CARPENTRY,BELOW - P100,P101 - P300,,,1,,CORN,BANANA,COCONUT,CACAO,CASSAVA,,,,,,,,68,,,,,,✔️,✔️,✔️,✔️,✔️,✔️,✔️,97,✔️,,✔️,,✔️,,,,✔️,,,,,15,7,15,0,1,✔️,,,,,✔️,,✔️,✔️,✔️,,,54,,,✔️
168,8-11,TAMPAKAN,KIPALBIG,BUKANG LIWAYWAY,,,,,930,,,,186,540,,31,LABORER,CONSTRUCTION WORKER,,,P101 - P300,,5,,,BANANA,COCONUT,,,,NONE,,,,,,,180,,,,✔️,YES,✔️,✔️,,,✔️,✔️,✔️,10,✔️,,,✔️,✔️,✔️,,,✔️,,,,✔️,123,52,63,17,0,,,✔️,✔️,✔️,✔️,✔️,✔️,✔️,✔️,✔️,,186,,,
169,8-12,TAMPAKAN,PULABATO,ASPANG,,,32,26,58,5,44,9,17,,10,1,FARMING,LABORER,,,P101 - P300,,,1,128.3586,CORN,COCONUT,COFFEE,CACAO,CAMOTE,,,,,,,,0,,,,✔️,,✔️,,✔️,✔️,,✔️,✔️,,,,,,,,,,,,,,,20,5,,NONE,,✔️,,,,,✔️,0,,✔️,,,,,,✔️,
170,8-13,TAMPAKAN,LAMPITAK,DATALTA,,,97,67,164,36,118,24,46,78,NONE,8,FARMING,LABORER,,P101 - P300,,,,,,CORN,BANANA,COCONUT,COFFEE,FRUITS,,SPRING,NEEDS REPAIR,,,,,30,,,,✔️,NO,,✔️,,✔️,✔️,✔️,✔️,40,✔️,,✔️,,✔️,,,,✔️,,,,,76,20,NONE,NONE,0,✔️,,,,,,,,✔️,,,,None,,✔️,
171,8-14,TAMPAKAN,POBLACION,SAN ISIDRO 2,,,230,250,480,60,200,221,133,260,50,30,FARMING,LABORER,GOV'T EMPLOYEE,P101 - P300,P301 - P500,P501 - P700,95,1,1.5239,COCONUT,CORN,CASSAVA,BANANA,PALM OIL,1,WATER SYSTEM,GOOD,WELL,GOOD,,,,,✔️,,✔️,YES,✔️,✔️,,,,✔️,✔️,15,✔️,✔️,✔️,✔️,✔️,✔️,✔️,,✔️,✔️,,✔️,✔️,25,10,22,5,2,✔️,,✔️,✔️,,✔️,✔️,✔️,✔️,✔️,✔️,,250,,✔️,✔️
172,8-15,TAMPAKAN,ALBAGAN,MABALO,"  6°25'23.66""N","125° 1'50.41""E",80,69,149,47,72,24,48,,21,8,FARMING,LABORER,,P101 - P300,,,100,0,,CORN,COCONUT,VEGETABLE,CACAO,FRUITS,1,WATER SYSTEM,REHABILITATION,,,,,39,0,0,0,✔️,YES,✔️,✔️,0,✔️,✔️,✔️,✔️,48,✔️,,✔️,✔️,✔️,✔️,0,0,✔️,0,,0,✔️,96,40,70,20,0,✔️,0,✔️,✔️,✔️,✔️,✔️,0,✔️,0,0,0,48,0,✔️,
173,8-16,TAMPAKAN,TABLU,SNIP,,,525,465,990,296,694,,222,,70%,0,FARMING,LABOURER,,BELOW - P100,P101 - P300,P301 - P500,222,0,0,BANANA,COCONUT,CORN,VEGETABLES,FRUIT CROPS,2,SPRING,NEEDS REPAIR,,,,,0,,✔️,,✔️,YES,✔️,✔️,✔️,✔️,✔️,✔️,✔️,10%,✔️,,✔️,✔️,✔️,✔️,0,0,✔️,0,0,0,✔️,500,30,80%,0,3,✔️,0,0,✔️,0,✔️,✔️,0,✔️,0,✔️,0,90%,0,✔️,0
174,8-17,TAMPAKAN,,,,,,,0,,,,,,,,,,,,,,,,,,,,,,,,,,,,,,,,,,,,,,,,,,,,,,,,,,,,,,,,,,,,,,,,,,,,,,,,,,,,
175,8-18,TAMPAKAN,LIBERTY,SAWMILL,,,77,63,140,38,96,6,37,82,23%,7,FARMING,LABORER,,,,,80,,120 HECTARES,BANANA,CORN,ROOTCROPS,VEGETABLES,,1,SPRING,NEEDS REPAIR,,,,,4,,✔️,,✔️,,✔️,✔️,✔️,✔️,✔️,✔️,✔️,13%,✔️,,,✔️,✔️,✔️,,,✔️,✔️,,,,15,10,10%,0,0,✔️,✔️,✔️,✔️,,✔️,✔️,,✔️,,✔️,,35%,NONE,,
176,8-19,TAMPAKAN,,,,,,,0,,,,,,,,,,,,,,,,,,,,,,,,,,,,,,,,,,,,,,,,,,,,,,,,,,,,,,,,,,,,,,,,,,,,,,,,,,,,
177,9-1,TANTANGAN,LIBAS,UPPER MAYADA,,,88,78,166,80,99,7,37,126,,7,FARMING,LABORER,,Below - P100,P101 - P300,P301 - P500,,0,40,CORN,VEGETABLE,ROOT CROPS,BANANA,COCONUT,1,SPRING,NEEDS ADDITIONAL PIPES AND INTAKE BOX,,,,,70%,,,✔️,,,,✔️,,✔️,✔️,✔️,✔️,41,✔️,✔️,,,✔️,✔️,,,✔️,,✔️,,,55,30,50,30,1,✔️,,✔️,✔️,,,✔️,,✔️,,,,0,,✔️,✔️
178,9-2,TANTANGAN,TINONGCOP,COLONSILAL,,,157,145,302,120,176,15,83,129,54,27,FARM LABORER,CHARCOAL MAKER,CONST LABOR,Below - P100,P101 - P300,,83,0,60,CORN,MANGO,CORN,ROOT CROPS,COCONUT,1,TOP STAND - 2,,FLOWING,,,,50,✔️,,,✔️,YES,✔️,✔️,✔️,✔️,✔️,✔️,✔️,75,✔️,✔️,✔️,✔️,✔️,✔️,,,✔️,,✔️,,,50,10,30,0,4,✔️,,✔️,✔️,,✔️,✔️,✔️,✔️,✔️,✔️,,43,,,✔️
179,9-3,TANTANGAN,NEW LAMBUNAO,MALIGAYA,,,307,266,573,52,407,33,117,,,21,FARMING,LABORER,GOV'T EMPLOYEE,P101 - P300,P301 - P500,,,1,30,,COCONUT,VEGETABLE,BANANA,,1,REFILLING STATION,,DEEP WELL,,,,,,,,✔️,YES,✔️,✔️,✔️,,,✔️,✔️,117,✔️,✔️,✔️,✔️,✔️,✔️,,,✔️,,,✔️,✔️,50,20,15,0,3,✔️,,,✔️,,✔️,✔️,✔️,✔️,✔️,✔️,,117,,,
180,9-4,TANTANGAN,SAN FELIPE,PAGKAKAISA,,,154,180,334,95,228,7,76,110,43,18,FARMING,LABORER,,Below - P100,P101 - P300,,8,1,50,RICE,COCONUT,,,,1,WELL,NEEDS REPAIR,,,,,9,,,,✔️,,✔️,✔️,✔️,,✔️,✔️,✔️,76,✔️,✔️,,✔️,✔️,✔️,✔️,✔️,✔️,,,,✔️,84,31,0,0,2,✔️,,✔️,✔️,,,,,✔️,,,,50,,,
181,9-5,TANTANGAN,MAGON,MALBOG,,,361,362,723,334,374,15,178,250,55,55,FARMER,PULIS,LABORER,P101 - P300,P301 - P500,,178,0,,CORN,PEANUT,PALM OIL,VEGETABLE,CASSAVA,0,SPRING,,WATER PUMP,,,,0,✔️,,,✔️,NO,✔️,✔️,✔️,✔️,✔️,✔️,✔️,178,✔️,✔️,,✔️,✔️,✔️,,,✔️,✔️,,✔️,,300,100,200,0,4,✔️,,,✔️,,✔️,✔️,✔️,✔️,✔️,,,120,,,
182,9-6,TANTANGAN,NEW CUYAPO,LIBERTAD,,,86,65,151,70,71,10,29,60,7,7,FARMING,LABORER,,P501 - P700,,,29,0,40,RICE,CORN,PALM OIL,BANANA,VEGETABLE,1,FLOWING/SPRING,GOOD,WATER PUMP,GOOD,,,0,,,,✔️,NO,✔️,✔️,✔️,,✔️,✔️,,15,✔️,,,✔️,,✔️,,,✔️,✔️,,,,100,20,30,0,1,✔️,,✔️,✔️,,✔️,✔️,✔️,✔️,✔️,,,25,,,
183,9-7,TANTANGAN,CABULING,CENTER,,,190,184,374,91,262,21,86,,60,25,FARMING,LABORER,FARM-LIVESTOCK,,,,30,,,RICE,COCONUT,,,,,,,,,,,,,,,✔️,YES,✔️,✔️,✔️,,,✔️,✔️,86,,,,✔️,✔️,✔️,,,✔️,✔️,,,,,,,,,✔️,✔️,✔️,✔️,,✔️,,✔️,✔️,✔️,,,86,,,✔️
184,9-8,TANTANGAN,MANGILALA,PUROK 7,,,104,94,198,103,95,15,42,,30,30,LABORER,FARMING,,P301 - P500,,,5,,8,RICE,PALM OIL,VEGETABLE,CORN,PEANUT,1,,NON FUNCTIONING,,,,,25,,,,✔️,,✔️,✔️,✔️,✔️,✔️,✔️,✔️,20,✔️,,,✔️,✔️,✔️,,,✔️,,,,,100,30,90,,2,✔️,,,,✔️,✔️,✔️,✔️,✔️,✔️,,,35,,,
185,9-9,TANTANGAN,POBLACION,BARAK,,,179,213,392,107,269,16,93,251,48,37,FARMING,CARPENTRY,LABORER,Below - P100,P101 - P300,P301 - P500,150,1,430,CORN,RICE,COCONUT,BANANA,VEGETABLE,2,SPRING (PRK. PAKO),NEEDS REPAIR,,,,,35,,,,✔️,YES,✔️,✔️,✔️,✔️,✔️,✔️,✔️,50,✔️,✔️,✔️,✔️,✔️,✔️,✔️,,✔️,,,,,0,0,,,2,✔️,,✔️,✔️,,✔️,,,✔️,✔️,✔️,,63,,✔️,✔️
186,9-10,TANTANGAN,NEW ILOILO,BAYOG,,,175,154,329,53,266,10,74,122,50,8,FARMING,LABORER,,P101 - P300,P301 - P500,P501 - P700,22,1,38,RICE,VEGETABLE,,,,1,REFILLING STATION,,,,,,0,,✔️,,✔️,,✔️,✔️,✔️,,✔️,✔️,✔️,225,✔️,✔️,✔️,✔️,✔️,✔️,✔️,✔️,,,,✔️,✔️,55,18,50,15,2,✔️,✔️,✔️,✔️,✔️,✔️,✔️,✔️,✔️,,✔️,,64,,,✔️
187,9-11,TANTANGAN,MAIBO,DATAL BLOBO,,,,,,,,2,,,4,4,FARMING,LABORER,,Below - P100,P101 - P300,,,0,,RICE,CORN,BANANA,CAMOTE,,,SPRING,NEEDS REPAIR,,,,,33,,✔️,,,,,✔️,,✔️,✔️,✔️,✔️,,,✔️,,✔️,✔️,,,,✔️,,✔️,,,5,,,,1,✔️,,,,,,,,✔️,,,,,,,
188,9-12,TANTANGAN,BUKAY PAIT,ELBIO/EL-ULIT,,,,,,30,75,4,33,69,7,7,FARMING,LABORER,,P101 - P300,,,0,,,CORN,BANANA,UPLAND RICE,COCONUT,,,SPRING,GOOD,,,,,,,,,,,,✔️,,,✔️,✔️,,,✔️,✔️,,,,,✔️,,,,,,✔️,10,9,0,0,2,✔️,,,,,,✔️,,✔️,,,,0,,✔️,
189,9-13,TANTANGAN,DUMADALIG,EL NAP,,,145,147,262,6,,,122,148,50,24,FARMER,LABORER,HANDICRAFT,,,,53,1,NONE,CORN,RICE,PEANUT,MONGGO,BANANA,0,,,,,,,,,,,,NO,,✔️,✔️,✔️,✔️,✔️,✔️,20,✔️,✔️,,,✔️,✔️,,✔️,,,,,✔️,60,25,0,0,0,✔️,✔️,,✔️,,,✔️,,✔️,,,,25,,,
190,9-14,TANTANGAN,DUMADALIG,MATIMOS,,,122,127,249,92,71,12,64,137,32,32,LABORER,FARMERS,,,,,,,,PALAY,CORN,PEANUT,ROOT CROPS,MONGGO,0,,,,,,,21,,,,✔️,,,,,✔️,✔️,✔️,✔️,40,✔️,✔️,✔️,,,✔️,,✔️,✔️,,,,,15,0,NONE,NONE,2,✔️,,,✔️,,✔️,✔️,,✔️,,,,42,,,
191,10-1,T'BOLI,KEMATU,LEMTNINEG,,,97,99,196,100,86,10,37,71,16,13,FARMING,LABORER,,P101 - P300,,,37,0,50,ABACA,CORN,RICE,COFFEE,,0,spring,needs repair,,,,,30,,1,,,no,✔️,,✔️,✔️,,✔️,✔️,37,✔️,✔️,✔️,,✔️,,,,,,,,✔️,5,0,0,0,1,✔️,,,,,,,,,,,,0,,✔️,
192,10-2,T'BOLI,LAMBANGAN,BLETELAMNAW,,,153,111,264,87,167,10,58,106,48,35,FARMING,LABORER,GOV'T EMPLOYEE,Below - P100,P101 - P300,P301-P500,58,1,200,CORN,RICE,COCONUT TREE,BANANA,FRUIT TREES,1,WATER SYSTEM,NEEDS REPAIR,,,,,30,✔️,✔️,,,YES,✔️,✔️,✔️,✔️,✔️,✔️,✔️,40,✔️,,,✔️,✔️,✔️,,,✔️,,,,,10,5,10,5,1,✔️,✔️,✔️,✔️,,,✔️,,✔️,✔️,✔️,,48,,✔️,
193,10-3,T'BOLI,LACONON,ELLAW,,,282,246,528,241,274,13,84,250,0,36,FARMING,LABORER,DRIVER,Below - P100,P101 - P300,,111,0,222,corn,rice,abaca,banana,coffee,1,spring,,water system - sitio,needs repair,,,0,1,,,✔️,yes,✔️,,✔️,,✔️,✔️,✔️,75,✔️,✔️,,,✔️,,,,✔️,,,,,20,5,15,0,1,✔️,,✔️,1,,,,,✔️,,,,0,,✔️,✔️
194,10-4,T'BOLI,DATAL DLANAG,DATAL HELEK,,,161,146,307,152,149,6,36,135,44,22,FARMING,LABORER,DRIVER,Below - P100,P101 - P300,,36,0,72,corn,rice,abaca,banana,palawan,1,spring,needs repair,,,,,10,,,,✔️,yes,✔️,✔️,✔️,✔️,✔️,✔️,✔️,15,✔️,✔️,✔️,✔️,✔️,✔️,,,✔️,,,,,30,1,10,0,1,✔️,,,,,,,,✔️,,,,,,✔️,✔️
195,10-5,T'BOLI,TUDOK,K'BOYONG,,,104,111,215,109,104,7,46,144,30,26,FARMING,LABORER,DRIVER,Below - P100,P101 - P300,,48,0,96,corn,rice,abaca,banana,palawan,0,spring,needs repair,,,,,,1,,,✔️,yes,✔️,,✔️,✔️,,✔️,✔️,46,✔️,✔️,,,✔️,✔️,,,✔️,,✔️,,,12,4,0,0,1,✔️,,✔️,,,,,,✔️,,,,0,,✔️,✔️
196,10-6,T'BOLI,LEMSNOLON,MUTO DOLOY,,,85,38,123,48,74,1,39,60,38,14,FARMING,LABORER,,P101 - P300,,,21,0,20,corn,banana,vegetable,,,0,spring,needs repair,,,,,24,1,,,,yes,✔️,✔️,✔️,,✔️,✔️,✔️,5,✔️,✔️,,,✔️,✔️,,,,,,,✔️,13,2,2,0,1,✔️,,,,,✔️,,,✔️,,,,30,,,
197,10-7,T'BOLI,,,,,,,0,,,,,,,,,,,,,,,,,,,,,,,,,,,,,,,,,,,,,,,,,,,,,,,,,,,,,,,,,,,,,,,,,,,,,,,,,,,,
198,10-8,T'BOLI,,,,,,,0,,,,,,,,,,,,,,,,,,,,,,,,,,,,,,,,,,,,,,,,,,,,,,,,,,,,,,,,,,,,,,,,,,,,,,,,,,,,
199,10-9,T'BOLI,SALACAFE,LASAK,,,69,66,135,26,29,7,40,160,40,40,EMPLOYEE (private),FARMING,,Below - P100,P101 - P300,P301 - P500,,0,100,,,,,,0,"""Shortage of water""",Needs construction,,,,,0,,1,,,no,✔️,✔️,,✔️,,✔️,✔️,5,✔️,✔️,,,,✔️,,,✔️,,,,,10,10,0,0,0,✔️,,,✔️,,✔️,,,✔️,,,,40,,,
200,10-10,T'BOLI,,,,,,,0,,,,,,,,,,,,,,,,,,,,,,,,,,,,,,,,,,,,,,,,,,,,,,,,,,,,,,,,,,,,,,,,,,,,,,,,,,,,
201,10-11,T'BOLI,LAMBULING,EL MLUK,"  6°14'35.37""N","124°53'10.18""E",47,56,103,39,60,4,22,54,8,10,,,,P101 - P300,,,26,0,44,,,,,,,,,,,,,,,,,,yes,✔️,,✔️,✔️,,✔️,✔️,5,,,,,✔️,✔️,,,✔️,,✔️,,,3,2,0,0,,✔️,,✔️,✔️,,,,,✔️,,,,,,,
202,10-12,T'BOLI,LAMHAKU,KULE,,,24,16,40,6,34,0,14,40,,1,FARMING,LABOURER,DRIVER,Below - P100,P101 - P300,P301 - P500,40,0,,corn,rice,banana,coconut,cassava,1,open spring,needs repair,,,,,2,,1,,,,,,,,,,,,,,,,,,14,,14,,,,,3,2,0,0,0,✔️,,✔️,✔️,,,,,,,,,,,✔️,✔️
203,10-13,T'BOLI,DESAWO,LAMBILA,,,117,96,213,59,148,9,256,157,30,15,FARMING,LABORER,Government Employee,Below - P100,P101 - P300,,0,0,,corn,banana,,,,2,spring,needs repair,,,,,43,1,1,,,yes,10,3,3,14,,50,10,10,✔️,,,✔️,✔️,✔️,,,,✔️,,,✔️,15,10,10,,1,,,,,,✔️,✔️,,✔️,,✔️,,,,,
204,10-14,T'BOLI,AFUS,KANSAD,"  6°10'2.85""N","124°50'13.33""E",61,65,126,43,74,7,32,66,67,25,MAGSIGE WORKERS,FARMING,LABOURER,Below - P100,P101 - P300,,0,0,0,corn,banana,fruits,vegetables,,0,spring,needs repair,rain water,,river,,,1,1,,,yes,✔️,7,10,9,11,70,3,6,,,,✔️,✔️,✔️,,,,,,,,17,5,4,0,1,✔️,,,✔️,,✔️,✔️,,✔️,,,,32,,,
205,10-15,T'BOLI,TALUFO,LAMBUSONG,,,35,35,70,,,2,20,70,0,9,FARMING,LABOURER,HARVESTER,P101 - P300,P301 - P500,P501 - P700,0,0,0,corn,rice,banana,coconut,,1,well,,Spring,,River,,15,,,1,✔️,,0,0,0,7,0,10,0,5,✔️,,,,✔️,✔️,,,✔️,,,,,10,5,0,0,0,✔️,✔️,,,✔️,✔️,✔️,,✔️,✔️,✔️,,10,,✔️,
206,10-16,T'BOLI,TBOLOK,DATAL LONG,"  6° 8'10.93""N","124°54'56.82""E",178,140,318,114,190,14,56,204,15,15,FARMING,,,Below - P100,,,40,0,100,abaca,mais,kape,,,1,spring,needs repair,,,,,20,,1,,,Yes,✔️,,,✔️,,20,5,15,✔️,✔️,,✔️,✔️,✔️,,,✔️,,,,,20,5,10,,1,,,✔️,,,,✔️,,✔️,,,,0,,✔️,
207,10-17,T'BOLI,EDWARDS,BANGKAING,,,80,100,180,75,96,9,60,105,60,30,LABORER,FARMING,,Below - P100,P101 - P300,,6,,7,rice,,,,,1,water system,needs repair,rain water,,,,15,,,,✔️,yes,5,5,2,✔️,,10,5,8,✔️,,,,✔️,✔️,,,,✔️,,,,10,5,5,,1,✔️,,,,,✔️,✔️,,✔️,,✔️,,60,,,✔️
208,10-18,T'BOLI,,,,,,,0,,,,,,,,,,,,,,,,,,,,,,,,,,,,,,,,,,,,,,,,,,,,,,,,,,,,,,,,,,,,,,,,,,,,,,,,,,,,
209,10-19,T'BOLI,,,,,,,0,,,,,,,,,,,,,,,,,,,,,,,,,,,,,,,,,,,,,,,,,,,,,,,,,,,,,,,,,,,,,,,,,,,,,,,,,,,,
210,10-20,T'BOLI,,,,,,,0,,,,,,,,,,,,,,,,,,,,,,,,,,,,,,,,,,,,,,,,,,,,,,,,,,,,,,,,,,,,,,,,,,,,,,,,,,,,
211,10-21,T'BOLI,LAMHAKU,UPPER HOTSPRING,"  6°14'53.09""N","124°51'56.16""E",102,98,200,,,,45,,,,FARMING,,,P101 - P300,,,90,none,100,Corn,saging,coconut,coffee,abaka,1,spring L2,,,,,,,,,,3,,0,2,✔️,10,3,100,✔️,,✔️,✔️,,✔️,40,3,,,✔️,,✔️,,,20,3,20,3,none,✔️,,✔️,✔️,,✔️,✔️,,✔️,,✔️,,45,,✔️,
212,10-22,T'BOLI,,,,,,,0,,,,,,,,,,,,,,,,,,,,,,,,,,,,,,,,,,,,,,,,,,,,,,,,,,,,,,,,,,,,,,,,,,,,,,,,,,,,
213,10-23,T'BOLI,,,,,,,0,,,,,,,,,,,,,,,,,,,,,,,,,,,,,,,,,,,,,,,,,,,,,,,,,,,,,,,,,,,,,,,,,,,,,,,,,,,,
214,10-24,T'BOLI,,,,,,,0,,,,,,,,,,,,,,,,,,,,,,,,,,,,,,,,,,,,,,,,,,,,,,,,,,,,,,,,,,,,,,,,,,,,,,,,,,,,
215,10-25,T'BOLI,,,,,,,0,,,,,,,,,,,,,,,,,,,,,,,,,,,,,,,,,,,,,,,,,,,,,,,,,,,,,,,,,,,,,,,,,,,,,,,,,,,,
216,10-26,T'BOLI,DATAL BOB,LAMLAGO/ KLING BLOWON,,,,,0,,,,90,400,,,FARMING,LABORER,CONTRACTUAL,,,,,,,CORN,RICE,BANANA,DURIAN,ABACA,,SPRING,,WATER SYSTEM,NEEDS REPAIR,,,,✔️,,,✔️,,✔️,✔️,✔️,✔️,✔️,✔️,✔️,100,✔️,,,✔️,✔️,✔️,,,✔️,,,,,100,50,50,20,4,✔️,,,,,✔️,✔️,✔️,✔️,✔️,✔️,,0,,,
217,10-27,T'BOLI,POBLACION,SPRING,,,285,269,554,124,389,41,142,430,430,45,WORKER,FARMING,GOV'T EMPLOYEE,P101-300,P301-P500,P501-P700,50,1,120,BANANA,PINEAPPLE,COCONUT,DURIAN,AVOCADO,0,SPRING,,,,,,,,,,✔️,YES,✔️,✔️,✔️,,✔️,✔️,✔️,60,✔️,✔️,✔️,✔️,✔️,✔️,,,✔️,,,,✔️,200,50,150,10,3,✔️,✔️,✔️,✔️,,,✔️,,✔️,✔️,✔️,,100,,✔️,
218,10-28,T'BOLI,,,,,,,0,,,,,,,,,,,,,,,,,,,,,,,,,,,,,,,,,,,,,,,,,,,,,,,,,,,,,,,,,,,,,,,,,,,,,,,,,,,,
219,10-29,T'BOLI,,,,,,,0,,,,,,,,,,,,,,,,,,,,,,,,,,,,,,,,,,,,,,,,,,,,,,,,,,,,,,,,,,,,,,,,,,,,,,,,,,,,
220,10-30,T'BOLI,,,,,,,0,,,,,,,,,,,,,,,,,,,,,,,,,,,,,,,,,,,,,,,,,,,,,,,,,,,,,,,,,,,,,,,,,,,,,,,,,,,,
221,10-31,T'BOLI,,,,,,,0,,,,,,,,,,,,,,,,,,,,,,,,,,,,,,,,,,,,,,,,,,,,,,,,,,,,,,,,,,,,,,,,,,,,,,,,,,,,
222,10-32,T'BOLI,,,,,,,0,,,,,,,,,,,,,,,,,,,,,,,,,,,,,,,,,,,,,,,,,,,,,,,,,,,,,,,,,,,,,,,,,,,,,,,,,,,,
223,10-33,T'BOLI,,,,,,,0,,,,,,,,,,,,,,,,,,,,,,,,,,,,,,,,,,,,,,,,,,,,,,,,,,,,,,,,,,,,,,,,,,,,,,,,,,,,
224,10-34,T'BOLI,TALCON,DATAL BIA-O,,,18,15,32,,,,25,,,,,,,,,,,,,CORN,RICE,ROOT CROPS,ABAKA,,3,SPRING,FUNCTIONAL,,,,,,1,,,,,,,,,,,,100%,✔️,✔️,,,,,✔️,,,,✔️,,,,,,,,✔️,,✔️,✔️,,,,,,,,,,,,
225,10-35,T'BOLI,,,,,,,0,,,,,,,,,,,,,,,,,,,,,,,,,,,,,,,,,,,,,,,,,,,,,,,,,,,,,,,,,,,,,,,,,,,,,,,,,,,,
226,10-36,T'BOLI,,,,,,,0,,,,,,,,,,,,,,,,,,,,,,,,,,,,,,,,,,,,,,,,,,,,,,,,,,,,,,,,,,,,,,,,,,,,,,,,,,,,
227,10-37,T'BOLI,LACONON,LACAG,,,548,480,1128,397,480,605,26,217,434,86,,,,,,,,,,CARDABA,CORN,,,,0,,,,,,,,100,,,50,,80,15,7,5,25,50,120,86,✔️,✔️,80,40,100,,,,,,,,,150,50,180,,,✔️,,,✔️,,✔️,✔️,,✔️,,,,217,,,
228,10-38,T'BOLI,,,,,,,0,,,,,,,,,,,,,,,,,,,,,,,,,,,,,,,,,,,,,,,,,,,,,,,,,,,,,,,,,,,,,,,,,,,,,,,,,,,,
229,11-1,TUPI,,,,,,,0,,,,,,,,,,,,,,,,,,,,,,,,,,,,,,,,,,,,,,,,,,,,,,,,,,,,,,,,,,,,,,,,,,,,,,,,,,,,
230,11-2,TUPI,CEBUANO,LOTE NORTH,,,418,436,854,240,544,101,218,,,45,FARMING,LABORER,,P101 - P300,P301 - P500,P501 - P700,,,,CORN,COFFEE,COCONUT,BANANA,CACAO,1,GOMEZ WATER SYSTEM,PRIVATE,,,,,,,,,✔️,NO,,,,,,,,10,,,,✔️,✔️,✔️,,,,,,,,,,,,,✔️,,,,,,✔️,,✔️,✔️,,,206,,,
231,11-3,TUPI,,,,,,,0,,,,,,,,,,,,,,,,,,,,,,,,,,,,,,,,,,,,,,,,,,,,,,,,,,,,,,,,,,,,,,,,,,,,,,,,,,,,
232,11-4,,,,,,,,0,,,,,,,,,,,,,,,,,,,,,,,,,,,,,,,,,,,,,,,,,,,,,,,,,,,,,,,,,,,,,,,,,,,,,,,,,,,,